No.,Time,Source,Destination,Protocol,Length,TBP,Info
23257,55.235728,192.168.0.1,192.168.0.2,TCP,74,0.00000000000000,45132  >  2869 [SYN] Seq=0 Win=5840 Len=0 MSS=1460 SACK_PERM=1 TSval=7982395 TSecr=0 WS=16
23258,55.23573,192.168.0.1,192.168.0.2,TCP,74,0.00000200000000,45133  >  2869 [SYN] Seq=0 Win=5840 Len=0 MSS=1460 SACK_PERM=1 TSval=7982395 TSecr=0 WS=16
23263,55.306158,192.168.0.1,192.168.0.2,TCP,66,0.07042799999999,45132  >  2869 [ACK] Seq=1 Ack=1 Win=5840 Len=0 TSval=7982402 TSecr=37443872
23264,55.306558,192.168.0.1,192.168.0.2,TCP,66,0.00040000000000,45133  >  2869 [ACK] Seq=1 Ack=1 Win=5840 Len=0 TSval=7982402 TSecr=37443872
23266,56.475931,192.168.0.1,192.168.0.2,HTTP/XML,781,1.16937300000001,NOTIFY /upnp/eventing/puymhqhlnq HTTP/1.1 
23268,56.532393,192.168.0.1,192.168.0.2,TCP,66,0.05646200000000,45132  >  2869 [ACK] Seq=716 Ack=127 Win=5840 Len=0 TSval=7982525 TSecr=37445112
23288,57.736143,192.168.0.1,192.168.0.2,HTTP/XML,781,1.20375000000000,NOTIFY /upnp/eventing/faebffngnu HTTP/1.1 
23289,57.736143,192.168.0.1,192.168.0.2,TCP,66,0.00000000000000,"45132  >  2869 [FIN, ACK] Seq=716 Ack=127 Win=5840 Len=0 TSval=7982642 TSecr=37445112"
23297,57.775742,192.168.0.1,192.168.0.2,TCP,66,0.03959900000000,45133  >  2869 [ACK] Seq=716 Ack=127 Win=5840 Len=0 TSval=7982649 TSecr=37446372
23317,58.734257,192.168.0.1,192.168.0.2,TCP,74,0.95851499999999,45134  >  2869 [SYN] Seq=0 Win=5840 Len=0 MSS=1460 SACK_PERM=1 TSval=7982745 TSecr=0 WS=16
23319,58.734551,192.168.0.1,192.168.0.2,TCP,66,0.00029400000001,"45133  >  2869 [FIN, ACK] Seq=716 Ack=127 Win=5840 Len=0 TSval=7982745 TSecr=37446372"
23321,58.735643,192.168.0.1,192.168.0.2,TCP,66,0.00109200000000,45134  >  2869 [ACK] Seq=1 Ack=1 Win=5840 Len=0 TSval=7982745 TSecr=37447370
25763,59.744673,192.168.0.1,192.168.0.2,HTTP/XML,781,1.00903000000000,NOTIFY /upnp/eventing/puymhqhlnq HTTP/1.1 
25765,59.749145,192.168.0.1,192.168.0.2,TCP,66,0.00447200000000,"45134  >  2869 [FIN, ACK] Seq=716 Ack=127 Win=5840 Len=0 TSval=7982846 TSecr=37448381"
25903,69.031827,192.168.0.1,224.0.0.1,IGMPv3,60,9.28268200000001,"Membership Query, general"
57328,195.048946,192.168.0.1,224.0.0.1,IGMPv3,60,126.01711900000000,"Membership Query, general"
63174,237.379493,192.168.0.1,192.168.0.2,SSDP,344,42.33054700000000,HTTP/1.1 200 OK 
63193,240.374003,192.168.0.1,192.168.0.2,SSDP,344,2.99450999999996,HTTP/1.1 200 OK 
63230,243.3742,192.168.0.1,192.168.0.2,SSDP,344,3.00019700000001,HTTP/1.1 200 OK 
63266,246.380254,192.168.0.1,192.168.0.2,SSDP,344,3.00605400000001,HTTP/1.1 200 OK 
63300,249.378558,192.168.0.1,192.168.0.2,SSDP,344,2.99830399999999,HTTP/1.1 200 OK 
63375,252.378508,192.168.0.1,192.168.0.2,SSDP,344,2.99995000000001,HTTP/1.1 200 OK 
63925,298.017438,192.168.0.1,192.168.0.2,SSDP,344,45.63893000000000,HTTP/1.1 200 OK 
63959,301.01719,192.168.0.1,192.168.0.2,SSDP,344,2.99975200000000,HTTP/1.1 200 OK 
63988,304.016172,192.168.0.1,192.168.0.2,SSDP,344,2.99898200000007,HTTP/1.1 200 OK 
64019,307.022151,192.168.0.1,192.168.0.2,SSDP,344,3.00597899999991,HTTP/1.1 200 OK 
64148,310.022901,192.168.0.1,192.168.0.2,SSDP,344,3.00075000000004,HTTP/1.1 200 OK 
64422,313.022441,192.168.0.1,192.168.0.2,SSDP,344,2.99954000000002,HTTP/1.1 200 OK 
65059,320.045362,192.168.0.1,224.0.0.1,IGMPv3,60,7.02292100000000,"Membership Query, general"
130929,445.098041,192.168.0.1,224.0.0.1,IGMPv3,60,125.05267900000000,"Membership Query, general"
183912,570.051538,192.168.0.1,224.0.0.1,IGMPv3,60,124.95349700000000,"Membership Query, general"
215625,631.250392,192.168.0.1,192.168.0.2,TCP,66,61.19885400000010,"5000  >  3155 [SYN, ACK] Seq=0 Ack=1 Win=5840 Len=0 MSS=1460 SACK_PERM=1 WS=16"
215628,631.252667,192.168.0.1,192.168.0.2,TCP,60,0.00227499999994,5000  >  3155 [ACK] Seq=1 Ack=238 Win=6912 Len=0
215629,631.253303,192.168.0.1,192.168.0.2,IPA,199,0.00063600000010,unknown 0x54 
215631,631.253493,192.168.0.1,192.168.0.2,TCP,60,0.00018999999986,"5000  >  3155 [FIN, ACK] Seq=146 Ack=238 Win=6912 Len=0"
215635,631.255025,192.168.0.1,192.168.0.2,TCP,60,0.00153200000011,5000  >  3155 [ACK] Seq=147 Ack=239 Win=6912 Len=0
215644,631.283604,192.168.0.1,192.168.0.2,TCP,66,0.02857899999992,"5000  >  3156 [SYN, ACK] Seq=0 Ack=1 Win=5840 Len=0 MSS=1460 SACK_PERM=1 WS=16"
215647,631.285885,192.168.0.1,192.168.0.2,TCP,60,0.00228100000004,5000  >  3156 [ACK] Seq=1 Ack=236 Win=6912 Len=0
215648,631.286511,192.168.0.1,192.168.0.2,IPA,199,0.00062600000001,unknown 0x54 
215650,631.286648,192.168.0.1,192.168.0.2,TCP,60,0.00013700000000,"5000  >  3156 [FIN, ACK] Seq=146 Ack=236 Win=6912 Len=0"
215652,631.287611,192.168.0.1,192.168.0.2,TCP,60,0.00096300000007,5000  >  3156 [ACK] Seq=147 Ack=237 Win=6912 Len=0
216025,633.080876,192.168.0.1,192.168.0.2,TCP,66,1.79326499999991,"5000  >  3157 [SYN, ACK] Seq=0 Ack=1 Win=5840 Len=0 MSS=1460 SACK_PERM=1 WS=16"
216028,633.085397,192.168.0.1,192.168.0.2,TCP,60,0.00452099999995,5000  >  3157 [ACK] Seq=1 Ack=238 Win=6912 Len=0
216029,633.086379,192.168.0.1,192.168.0.2,IPA,199,0.00098200000002,unknown 0x54 
216030,633.086379,192.168.0.1,192.168.0.2,TCP,60,0.00000000000000,"5000  >  3157 [FIN, ACK] Seq=146 Ack=238 Win=6912 Len=0"
216035,633.088523,192.168.0.1,192.168.0.2,TCP,60,0.00214400000004,5000  >  3157 [ACK] Seq=147 Ack=239 Win=6912 Len=0
216192,633.706788,192.168.0.1,192.168.0.2,TCP,66,0.61826499999995,"5000  >  3158 [SYN, ACK] Seq=0 Ack=1 Win=5840 Len=0 MSS=1460 SACK_PERM=1 WS=16"
216195,633.709825,192.168.0.1,192.168.0.2,TCP,60,0.00303700000006,5000  >  3158 [ACK] Seq=1 Ack=236 Win=6912 Len=0
216196,633.717506,192.168.0.1,192.168.0.2,IPA,199,0.00768099999993,unknown 0x54 
216197,633.717506,192.168.0.1,192.168.0.2,TCP,60,0.00000000000000,"5000  >  3158 [FIN, ACK] Seq=146 Ack=236 Win=6912 Len=0"
216200,633.721519,192.168.0.1,192.168.0.2,TCP,60,0.00401300000010,5000  >  3158 [ACK] Seq=147 Ack=237 Win=6912 Len=0
231223,670.150951,192.168.0.1,192.168.0.2,SSDP,344,36.42943199999990,HTTP/1.1 200 OK 
232073,673.146066,192.168.0.1,192.168.0.2,SSDP,344,2.99511500000006,HTTP/1.1 200 OK 
232866,676.146812,192.168.0.1,192.168.0.2,SSDP,344,3.00074599999994,HTTP/1.1 200 OK 
235115,679.153168,192.168.0.1,192.168.0.2,SSDP,344,3.00635599999998,HTTP/1.1 200 OK 
235641,682.154438,192.168.0.1,192.168.0.2,SSDP,344,3.00127000000009,HTTP/1.1 200 OK 
235781,682.818779,192.168.0.1,192.168.0.2,TCP,66,0.66434099999992,"5000  >  3166 [SYN, ACK] Seq=0 Ack=1 Win=5840 Len=0 MSS=1460 SACK_PERM=1 WS=16"
235785,682.821263,192.168.0.1,192.168.0.2,TCP,60,0.00248400000009,5000  >  3166 [ACK] Seq=1 Ack=313 Win=6912 Len=0
235786,682.821837,192.168.0.1,192.168.0.2,TCP,60,0.00057399999992,5000  >  3166 [ACK] Seq=1 Ack=938 Win=8176 Len=0
235843,682.982838,192.168.0.1,192.168.0.2,IPA,722,0.16100100000006,unknown 0x54 
235846,682.984865,192.168.0.1,192.168.0.2,TCP,60,0.00202700000000,"5000  >  3166 [FIN, ACK] Seq=669 Ack=938 Win=8176 Len=0"
235848,682.985505,192.168.0.1,192.168.0.2,TCP,60,0.00063999999998,5000  >  3166 [ACK] Seq=670 Ack=939 Win=8176 Len=0
235852,682.993889,192.168.0.1,192.168.0.2,TCP,66,0.00838399999998,"5000  >  3167 [SYN, ACK] Seq=0 Ack=1 Win=5840 Len=0 MSS=1460 SACK_PERM=1 WS=16"
235856,682.99642,192.168.0.1,192.168.0.2,TCP,60,0.00253100000009,5000  >  3167 [ACK] Seq=1 Ack=313 Win=6912 Len=0
235859,682.996969,192.168.0.1,192.168.0.2,TCP,60,0.00054899999998,5000  >  3167 [ACK] Seq=1 Ack=938 Win=8176 Len=0
235876,683.162795,192.168.0.1,192.168.0.2,IPA,722,0.16582600000004,unknown 0x54 
235877,683.162795,192.168.0.1,192.168.0.2,TCP,60,0.00000000000000,"5000  >  3167 [FIN, ACK] Seq=669 Ack=938 Win=8176 Len=0"
235881,683.165515,192.168.0.1,192.168.0.2,TCP,60,0.00271999999995,5000  >  3167 [ACK] Seq=670 Ack=939 Win=8176 Len=0
235882,683.167503,192.168.0.1,192.168.0.2,SSDP,344,0.00198799999998,HTTP/1.1 200 OK 
235884,683.176757,192.168.0.1,192.168.0.2,TCP,66,0.00925400000006,"5000  >  3168 [SYN, ACK] Seq=0 Ack=1 Win=5840 Len=0 MSS=1460 SACK_PERM=1 WS=16"
235887,683.179162,192.168.0.1,192.168.0.2,TCP,60,0.00240499999995,5000  >  3168 [ACK] Seq=1 Ack=197 Win=6912 Len=0
235888,683.18033,192.168.0.1,192.168.0.2,IPA,1514,0.00116800000001,unknown 0x54 
235889,683.181162,192.168.0.1,192.168.0.2,IPA,1337,0.00083199999995,unknown 0x73 
235892,683.181437,192.168.0.1,192.168.0.2,TCP,60,0.00027499999999,"5000  >  3168 [FIN, ACK] Seq=2744 Ack=197 Win=6912 Len=0"
235894,683.183264,192.168.0.1,192.168.0.2,TCP,60,0.00182700000005,5000  >  3168 [ACK] Seq=2745 Ack=198 Win=6912 Len=0
236404,685.159006,192.168.0.1,192.168.0.2,SSDP,344,1.97574199999997,HTTP/1.1 200 OK 
236642,686.169954,192.168.0.1,192.168.0.2,SSDP,344,1.01094799999998,HTTP/1.1 200 OK 
239269,689.17756,192.168.0.1,192.168.0.2,SSDP,344,3.00760600000001,HTTP/1.1 200 OK 
240279,692.786186,192.168.0.1,192.168.0.2,SSDP,272,3.60862600000007,HTTP/1.1 200 OK 
240281,692.793508,192.168.0.1,192.168.0.2,TCP,66,0.00732199999993,"5000  >  3169 [SYN, ACK] Seq=0 Ack=1 Win=5840 Len=0 MSS=1460 SACK_PERM=1 WS=16"
240285,692.796731,192.168.0.1,192.168.0.2,TCP,60,0.00322299999993,5000  >  3169 [ACK] Seq=1 Ack=74 Win=5840 Len=0
240289,692.797908,192.168.0.1,192.168.0.2,IPA,1514,0.00117700000010,unknown 0x54 
240290,692.798862,192.168.0.1,192.168.0.2,IPA,1337,0.00095399999998,unknown 0x73 
240291,692.798864,192.168.0.1,192.168.0.2,TCP,60,0.00000199999999,"5000  >  3169 [FIN, ACK] Seq=2744 Ack=74 Win=5840 Len=0"
240297,692.805003,192.168.0.1,192.168.0.2,TCP,60,0.00613900000008,5000  >  3169 [ACK] Seq=2745 Ack=75 Win=5840 Len=0
240298,692.807701,192.168.0.1,192.168.0.2,TCP,66,0.00269799999990,"5000  >  3170 [SYN, ACK] Seq=0 Ack=1 Win=5840 Len=0 MSS=1460 SACK_PERM=1 WS=16"
240301,692.809921,192.168.0.1,192.168.0.2,TCP,60,0.00222000000008,5000  >  3170 [ACK] Seq=1 Ack=494 Win=6912 Len=0
240302,692.811353,192.168.0.1,192.168.0.2,IPA,538,0.00143200000002,unknown 0x54 
240303,692.811478,192.168.0.1,192.168.0.2,TCP,60,0.00012500000003,"5000  >  3170 [FIN, ACK] Seq=485 Ack=494 Win=6912 Len=0"
240305,692.812568,192.168.0.1,192.168.0.2,TCP,60,0.00108999999986,5000  >  3170 [ACK] Seq=486 Ack=495 Win=6912 Len=0
248601,713.536129,192.168.0.1,224.0.0.1,IGMPv3,60,20.72356100000000,"Membership Query, general"
254738,731.017285,192.168.0.1,192.168.0.2,SSDP,344,17.48115600000010,HTTP/1.1 200 OK 
256980,734.00379,192.168.0.1,192.168.0.2,SSDP,344,2.98650499999997,HTTP/1.1 200 OK 
257556,737.006265,192.168.0.1,192.168.0.2,SSDP,344,3.00247500000000,HTTP/1.1 200 OK 
258228,740.010701,192.168.0.1,192.168.0.2,SSDP,344,3.00443599999994,HTTP/1.1 200 OK 
260896,743.011848,192.168.0.1,192.168.0.2,SSDP,344,3.00114700000017,HTTP/1.1 200 OK 
261793,746.012046,192.168.0.1,192.168.0.2,SSDP,344,3.00019799999984,HTTP/1.1 200 OK 
311902,863.550433,192.168.0.1,224.0.0.1,IGMPv3,60,117.53838700000000,"Membership Query, general"
357372,952.319031,192.168.0.1,239.255.255.250,SSDP,307,88.76859800000000,NOTIFY * HTTP/1.1 
357373,952.320752,192.168.0.1,239.255.255.250,SSDP,307,0.00172099999997,NOTIFY * HTTP/1.1 
357374,952.320752,192.168.0.1,239.255.255.250,SSDP,318,0.00000000000000,NOTIFY * HTTP/1.1 
357375,952.320753,192.168.0.1,239.255.255.250,SSDP,379,0.00000100000000,NOTIFY * HTTP/1.1 
357376,952.320753,192.168.0.1,239.255.255.250,SSDP,318,0.00000000000000,NOTIFY * HTTP/1.1 
357377,952.320753,192.168.0.1,239.255.255.250,SSDP,375,0.00000000000000,NOTIFY * HTTP/1.1 
357378,952.323755,192.168.0.1,239.255.255.250,SSDP,318,0.00300200000015,NOTIFY * HTTP/1.1 
357379,952.323755,192.168.0.1,239.255.255.250,SSDP,355,0.00000000000000,NOTIFY * HTTP/1.1 
357380,952.323755,192.168.0.1,239.255.255.250,SSDP,318,0.00000000000000,NOTIFY * HTTP/1.1 
357381,952.323755,192.168.0.1,239.255.255.250,SSDP,387,0.00000000000000,NOTIFY * HTTP/1.1 
357382,952.323755,192.168.0.1,239.255.255.250,SSDP,369,0.00000000000000,NOTIFY * HTTP/1.1 
357383,952.323757,192.168.0.1,239.255.255.250,SSDP,371,0.00000199999988,NOTIFY * HTTP/1.1 
366573,961.255718,192.168.0.1,192.168.0.2,TCP,74,8.93196100000000,53399  >  2869 [SYN] Seq=0 Win=5840 Len=0 MSS=1460 SACK_PERM=1 TSval=8072994 TSecr=0 WS=16
366575,961.25638,192.168.0.1,192.168.0.2,TCP,74,0.00066200000003,53400  >  2869 [SYN] Seq=0 Win=5840 Len=0 MSS=1460 SACK_PERM=1 TSval=8072994 TSecr=0 WS=16
366880,962.27978,192.168.0.1,192.168.0.2,TCP,66,1.02340000000004,53399  >  2869 [ACK] Seq=1 Ack=1 Win=5840 Len=0 TSval=8073097 TSecr=38349891
366881,962.28008,192.168.0.1,192.168.0.2,TCP,66,0.00030000000004,53400  >  2869 [ACK] Seq=1 Ack=1 Win=5840 Len=0 TSval=8073097 TSecr=38349892
367016,963.719307,192.168.0.1,192.168.0.2,HTTP/XML,781,1.43922699999996,NOTIFY /upnp/eventing/puymhqhlnq HTTP/1.1 
367145,964.709267,192.168.0.1,192.168.0.2,HTTP/XML,781,0.98995999999988,NOTIFY /upnp/eventing/faebffngnu HTTP/1.1 
367550,966.56681,192.168.0.1,192.168.0.2,TCP,66,1.85754299999996,"53399  >  2869 [FIN, ACK] Seq=716 Ack=127 Win=5840 Len=0 TSval=8073525 TSecr=38352355"
367698,966.695603,192.168.0.1,192.168.0.2,TCP,78,0.12879299999997,[TCP Dup ACK 367550#1] 53399  >  2869 [ACK] Seq=717 Ack=127 Win=5840 Len=0 TSval=8073538 TSecr=38354091 SLE=1 SRE=127
368524,967.805604,192.168.0.1,192.168.0.2,HTTP/XML,781,1.11000100000001,[TCP Spurious Retransmission] NOTIFY /upnp/eventing/faebffngnu HTTP/1.1 
370292,970.180837,192.168.0.1,192.168.0.2,TCP,66,2.37523299999998,53400  >  2869 [ACK] Seq=716 Ack=127 Win=5840 Len=0 TSval=8073887 TSecr=38358195
374312,971.923259,192.168.0.1,192.168.0.2,TCP,66,1.74242200000015,"53400  >  2869 [FIN, ACK] Seq=716 Ack=127 Win=5840 Len=0 TSval=8074061 TSecr=38358195"
419443,1048.414761,192.168.0.1,224.0.0.1,IGMPv3,60,76.49150200000000,"Membership Query, general"
440370,1097.650155,192.168.0.1,192.168.0.2,SSDP,344,49.23539400000000,HTTP/1.1 200 OK 
442819,1100.645953,192.168.0.1,192.168.0.2,SSDP,344,2.99579799999992,HTTP/1.1 200 OK 
443541,1103.663333,192.168.0.1,192.168.0.2,SSDP,344,3.01738000000000,HTTP/1.1 200 OK 
443894,1106.653593,192.168.0.1,192.168.0.2,SSDP,344,2.99026000000003,HTTP/1.1 200 OK 
444540,1109.654865,192.168.0.1,192.168.0.2,SSDP,344,3.00127199999997,HTTP/1.1 200 OK 
447763,1112.657067,192.168.0.1,192.168.0.2,SSDP,344,3.00220200000012,HTTP/1.1 200 OK 
466759,1158.150007,192.168.0.1,192.168.0.2,SSDP,344,45.49293999999990,HTTP/1.1 200 OK 
466921,1161.150641,192.168.0.1,192.168.0.2,SSDP,344,3.00063399999999,HTTP/1.1 200 OK 
469268,1164.152373,192.168.0.1,192.168.0.2,SSDP,344,3.00173200000017,HTTP/1.1 200 OK 
469675,1167.159945,192.168.0.1,192.168.0.2,SSDP,344,3.00757199999975,HTTP/1.1 200 OK 
470036,1170.159983,192.168.0.1,192.168.0.2,SSDP,344,3.00003800000013,HTTP/1.1 200 OK 
470479,1173.160108,192.168.0.1,192.168.0.2,SSDP,344,3.00012500000003,HTTP/1.1 200 OK 
470603,1173.469097,192.168.0.1,224.0.0.1,IGMPv3,60,0.30898900000011,"Membership Query, general"
537537,1315.551365,192.168.0.1,224.0.0.1,IGMPv3,60,142.08226800000000,"Membership Query, general"
605874,1466.536278,192.168.0.1,224.0.0.1,IGMPv3,60,150.98491300000000,"Membership Query, general"
614904,1501.566311,192.168.0.1,192.168.0.2,SSDP,344,35.03003300000000,HTTP/1.1 200 OK 
615068,1504.562051,192.168.0.1,192.168.0.2,SSDP,344,2.99573999999984,HTTP/1.1 200 OK 
615376,1507.565684,192.168.0.1,192.168.0.2,SSDP,344,3.00363300000004,HTTP/1.1 200 OK 
615884,1510.569459,192.168.0.1,192.168.0.2,SSDP,344,3.00377500000013,HTTP/1.1 200 OK 
616398,1513.56951,192.168.0.1,192.168.0.2,SSDP,344,3.00005099999998,HTTP/1.1 200 OK 
618963,1516.570189,192.168.0.1,192.168.0.2,SSDP,344,3.00067899999999,HTTP/1.1 200 OK 
632523,1559.149011,192.168.0.1,192.168.0.2,DHCP,320,42.57882199999990,DHCP ACK      - Transaction ID 0xea2e9758
632561,1559.359092,192.168.0.1,192.168.0.2,SSDP,344,0.21008099999995,HTTP/1.1 200 OK 
632884,1562.183159,192.168.0.1,192.168.0.2,SSDP,344,2.82406700000001,HTTP/1.1 200 OK 
633191,1565.176387,192.168.0.1,192.168.0.2,SSDP,344,2.99322800000004,HTTP/1.1 200 OK 
636017,1568.187464,192.168.0.1,192.168.0.2,SSDP,344,3.01107700000011,HTTP/1.1 200 OK 
636400,1571.182494,192.168.0.1,192.168.0.2,SSDP,344,2.99502999999982,HTTP/1.1 200 OK 
637026,1574.183487,192.168.0.1,192.168.0.2,SSDP,344,3.00099300000011,HTTP/1.1 200 OK 
648187,1601.933433,192.168.0.1,224.0.0.1,IGMPv3,60,27.74994599999990,"Membership Query, general"
710685,1729.55362,192.168.0.1,224.0.0.1,IGMPv3,60,127.62018700000000,"Membership Query, general"
829043,1864.548288,192.168.0.1,224.0.0.1,IGMPv3,60,134.99466800000000,"Membership Query, general"
833957,1892.940084,192.168.0.1,192.168.0.2,TCP,66,28.39179600000010,"5000  >  4107 [SYN, ACK] Seq=0 Ack=1 Win=5840 Len=0 MSS=1460 SACK_PERM=1 WS=16"
833961,1892.942189,192.168.0.1,192.168.0.2,TCP,60,0.00210500000003,5000  >  4107 [ACK] Seq=1 Ack=313 Win=6912 Len=0
833962,1892.943279,192.168.0.1,192.168.0.2,TCP,60,0.00108999999975,5000  >  4107 [ACK] Seq=1 Ack=938 Win=8176 Len=0
833993,1893.130759,192.168.0.1,192.168.0.2,IPA,722,0.18748000000005,unknown 0x54 
833994,1893.130759,192.168.0.1,192.168.0.2,TCP,60,0.00000000000000,"5000  >  4107 [FIN, ACK] Seq=669 Ack=938 Win=8176 Len=0"
833997,1893.134991,192.168.0.1,192.168.0.2,TCP,60,0.00423200000023,5000  >  4107 [ACK] Seq=670 Ack=939 Win=8176 Len=0
833999,1893.163822,192.168.0.1,192.168.0.2,TCP,66,0.02883099999985,"5000  >  4108 [SYN, ACK] Seq=0 Ack=1 Win=5840 Len=0 MSS=1460 SACK_PERM=1 WS=16"
834003,1893.166408,192.168.0.1,192.168.0.2,TCP,60,0.00258599999984,5000  >  4108 [ACK] Seq=1 Ack=313 Win=6912 Len=0
834004,1893.166927,192.168.0.1,192.168.0.2,TCP,60,0.00051900000017,5000  >  4108 [ACK] Seq=1 Ack=938 Win=8176 Len=0
834035,1893.338517,192.168.0.1,192.168.0.2,IPA,722,0.17159000000015,unknown 0x54 
834037,1893.338941,192.168.0.1,192.168.0.2,TCP,60,0.00042399999984,"5000  >  4108 [FIN, ACK] Seq=669 Ack=938 Win=8176 Len=0"
834053,1893.355802,192.168.0.1,192.168.0.2,TCP,60,0.01686100000006,5000  >  4108 [ACK] Seq=670 Ack=939 Win=8176 Len=0
834055,1893.36781,192.168.0.1,192.168.0.2,SSDP,344,0.01200800000015,HTTP/1.1 200 OK 
834056,1893.368489,192.168.0.1,192.168.0.2,TCP,66,0.00067899999976,"5000  >  4109 [SYN, ACK] Seq=0 Ack=1 Win=5840 Len=0 MSS=1460 SACK_PERM=1 WS=16"
834059,1893.37171,192.168.0.1,192.168.0.2,TCP,60,0.00322100000017,5000  >  4109 [ACK] Seq=1 Ack=197 Win=6912 Len=0
834060,1893.373306,192.168.0.1,192.168.0.2,IPA,1514,0.00159599999984,unknown 0x54 
834061,1893.373307,192.168.0.1,192.168.0.2,IPA,1337,0.00000100000011,unknown 0x73 
834062,1893.373308,192.168.0.1,192.168.0.2,TCP,60,0.00000099999966,"5000  >  4109 [FIN, ACK] Seq=2744 Ack=197 Win=6912 Len=0"
834065,1893.37633,192.168.0.1,192.168.0.2,TCP,60,0.00302200000033,5000  >  4109 [ACK] Seq=2745 Ack=198 Win=6912 Len=0
834520,1896.351692,192.168.0.1,192.168.0.2,SSDP,344,2.97536200000013,HTTP/1.1 200 OK 
836849,1899.35231,192.168.0.1,192.168.0.2,SSDP,344,3.00061800000003,HTTP/1.1 200 OK 
837338,1902.799275,192.168.0.1,192.168.0.2,SSDP,272,3.44696499999986,HTTP/1.1 200 OK 
837340,1902.806115,192.168.0.1,192.168.0.2,TCP,66,0.00683999999978,"5000  >  4110 [SYN, ACK] Seq=0 Ack=1 Win=5840 Len=0 MSS=1460 SACK_PERM=1 WS=16"
837343,1902.808846,192.168.0.1,192.168.0.2,TCP,60,0.00273100000027,5000  >  4110 [ACK] Seq=1 Ack=74 Win=5840 Len=0
837344,1902.80998,192.168.0.1,192.168.0.2,IPA,1514,0.00113399999987,unknown 0x54 
837345,1902.810694,192.168.0.1,192.168.0.2,IPA,1337,0.00071400000024,unknown 0x73 
837349,1902.811273,192.168.0.1,192.168.0.2,TCP,60,0.00057899999979,"5000  >  4110 [FIN, ACK] Seq=2744 Ack=74 Win=5840 Len=0"
837351,1902.813184,192.168.0.1,192.168.0.2,TCP,60,0.00191100000006,5000  >  4110 [ACK] Seq=2745 Ack=75 Win=5840 Len=0
837352,1902.819482,192.168.0.1,192.168.0.2,TCP,66,0.00629800000002,"5000  >  4111 [SYN, ACK] Seq=0 Ack=1 Win=5840 Len=0 MSS=1460 SACK_PERM=1 WS=16"
837355,1902.821848,192.168.0.1,192.168.0.2,TCP,60,0.00236599999994,5000  >  4111 [ACK] Seq=1 Ack=494 Win=6912 Len=0
837356,1902.82446,192.168.0.1,192.168.0.2,IPA,538,0.00261200000000,unknown 0x54 
837357,1902.824461,192.168.0.1,192.168.0.2,TCP,60,0.00000099999988,"5000  >  4111 [FIN, ACK] Seq=485 Ack=494 Win=6912 Len=0"
837360,1902.826887,192.168.0.1,192.168.0.2,TCP,60,0.00242600000024,5000  >  4111 [ACK] Seq=486 Ack=495 Win=6912 Len=0
850023,1931.272335,192.168.0.1,192.168.0.2,SSDP,344,28.44544799999990,HTTP/1.1 200 OK 
852698,1934.276413,192.168.0.1,192.168.0.2,SSDP,344,3.00407799999971,HTTP/1.1 200 OK 
859195,1937.272401,192.168.0.1,192.168.0.2,SSDP,344,2.99598800000035,HTTP/1.1 200 OK 
866655,1940.277975,192.168.0.1,192.168.0.2,SSDP,344,3.00557399999980,HTTP/1.1 200 OK 
873591,1943.282017,192.168.0.1,192.168.0.2,SSDP,344,3.00404200000025,HTTP/1.1 200 OK 
881337,1946.28891,192.168.0.1,192.168.0.2,SSDP,344,3.00689299999999,HTTP/1.1 200 OK 
940795,1988.799988,192.168.0.1,192.168.0.2,ICMP,82,42.51107799999980,Destination unreachable (Port unreachable)
940796,1988.801502,192.168.0.1,192.168.0.2,ICMP,82,0.00151400000004,Destination unreachable (Port unreachable)
940797,1988.801955,192.168.0.1,192.168.0.2,ICMP,72,0.00045300000011,Destination unreachable (Port unreachable)
949548,1993.661874,192.168.0.1,192.168.0.2,SSDP,344,4.85991899999976,HTTP/1.1 200 OK 
949590,1994.049918,192.168.0.1,224.0.0.1,IGMPv3,60,0.38804400000004,"Membership Query, general"
949707,1996.661774,192.168.0.1,192.168.0.2,SSDP,344,2.61185599999999,HTTP/1.1 200 OK 
955245,1999.667666,192.168.0.1,192.168.0.2,SSDP,344,3.00589200000013,HTTP/1.1 200 OK 
963545,2002.681515,192.168.0.1,192.168.0.2,SSDP,344,3.01384899999971,HTTP/1.1 200 OK 
975631,2005.67996,192.168.0.1,192.168.0.2,SSDP,344,2.99844500000040,HTTP/1.1 200 OK 
989145,2008.69566,192.168.0.1,192.168.0.2,SSDP,344,3.01569999999992,HTTP/1.1 200 OK 
1061144,2118.933343,192.168.0.1,224.0.0.1,IGMPv3,60,110.23768300000000,"Membership Query, general"
1137251,2248.10175,192.168.0.1,224.0.0.1,IGMPv3,60,129.16840700000000,"Membership Query, general"
1186306,2362.660491,192.168.0.1,192.168.0.2,SSDP,344,114.55874100000000,HTTP/1.1 200 OK 
1186943,2365.655608,192.168.0.1,192.168.0.2,SSDP,344,2.99511699999994,HTTP/1.1 200 OK 
1187383,2368.658069,192.168.0.1,192.168.0.2,SSDP,344,3.00246100000004,HTTP/1.1 200 OK 
1187997,2371.659286,192.168.0.1,192.168.0.2,SSDP,344,3.00121700000000,HTTP/1.1 200 OK 
1188627,2374.662359,192.168.0.1,192.168.0.2,SSDP,344,3.00307299999986,HTTP/1.1 200 OK 
1189659,2377.661251,192.168.0.1,192.168.0.2,SSDP,344,2.99889200000007,HTTP/1.1 200 OK 
1190146,2381.555023,192.168.0.1,224.0.0.1,IGMPv3,60,3.89377199999990,"Membership Query, general"
1197501,2422.617266,192.168.0.1,192.168.0.2,SSDP,344,41.06224300000030,HTTP/1.1 200 OK 
1197989,2425.61976,192.168.0.1,192.168.0.2,SSDP,344,3.00249399999984,HTTP/1.1 200 OK 
1198617,2428.630478,192.168.0.1,192.168.0.2,SSDP,344,3.01071800000000,HTTP/1.1 200 OK 
1199238,2431.641748,192.168.0.1,192.168.0.2,SSDP,344,3.01126999999997,HTTP/1.1 200 OK 
1200010,2434.640229,192.168.0.1,192.168.0.2,SSDP,344,2.99848100000008,HTTP/1.1 200 OK 
1200910,2437.640143,192.168.0.1,192.168.0.2,SSDP,344,2.99991399999999,HTTP/1.1 200 OK 
1225397,2506.052215,192.168.0.1,224.0.0.1,IGMPv3,60,68.41207199999960,"Membership Query, general"
1231417,2631.042806,192.168.0.1,224.0.0.1,IGMPv3,60,124.99059100000000,"Membership Query, general"
1239659,2752.69717,192.168.0.1,239.255.255.250,SSDP,307,121.65436400000000,NOTIFY * HTTP/1.1 
1239660,2752.69717,192.168.0.1,239.255.255.250,SSDP,307,0.00000000000000,NOTIFY * HTTP/1.1 
1239661,2752.69717,192.168.0.1,239.255.255.250,SSDP,318,0.00000000000000,NOTIFY * HTTP/1.1 
1239662,2752.697171,192.168.0.1,239.255.255.250,SSDP,379,0.00000100000034,NOTIFY * HTTP/1.1 
1239663,2752.697171,192.168.0.1,239.255.255.250,SSDP,318,0.00000000000000,NOTIFY * HTTP/1.1 
1239664,2752.697171,192.168.0.1,239.255.255.250,SSDP,375,0.00000000000000,NOTIFY * HTTP/1.1 
1239665,2752.697171,192.168.0.1,239.255.255.250,SSDP,318,0.00000000000000,NOTIFY * HTTP/1.1 
1239666,2752.697172,192.168.0.1,239.255.255.250,SSDP,355,0.00000099999943,NOTIFY * HTTP/1.1 
1239667,2752.697172,192.168.0.1,239.255.255.250,SSDP,318,0.00000000000000,NOTIFY * HTTP/1.1 
1239668,2752.697174,192.168.0.1,239.255.255.250,SSDP,387,0.00000200000022,NOTIFY * HTTP/1.1 
1239669,2752.697174,192.168.0.1,239.255.255.250,SSDP,369,0.00000000000000,NOTIFY * HTTP/1.1 
1239670,2752.697174,192.168.0.1,239.255.255.250,SSDP,371,0.00000000000000,NOTIFY * HTTP/1.1 
1239861,2765.486195,192.168.0.1,192.168.0.2,SSDP,344,12.78902100000000,HTTP/1.1 200 OK 
1239870,2767.048067,192.168.0.1,224.0.0.1,IGMPv3,60,1.56187200000022,"Membership Query, general"
1239905,2768.48179,192.168.0.1,192.168.0.2,SSDP,344,1.43372299999965,HTTP/1.1 200 OK 
1239939,2771.494543,192.168.0.1,192.168.0.2,SSDP,344,3.01275299999998,HTTP/1.1 200 OK 
1240009,2774.509448,192.168.0.1,192.168.0.2,SSDP,344,3.01490500000045,HTTP/1.1 200 OK 
1240067,2777.519212,192.168.0.1,192.168.0.2,SSDP,344,3.00976399999990,HTTP/1.1 200 OK 
1240150,2780.525957,192.168.0.1,192.168.0.2,SSDP,344,3.00674499999968,HTTP/1.1 200 OK 
1241873,2827.475538,192.168.0.1,192.168.0.2,SSDP,344,46.94958099999990,HTTP/1.1 200 OK 
1241921,2830.3501,192.168.0.1,192.168.0.2,SSDP,344,2.87456200000042,HTTP/1.1 200 OK 
1241985,2833.341826,192.168.0.1,192.168.0.2,SSDP,344,2.99172600000020,HTTP/1.1 200 OK 
1242027,2836.333234,192.168.0.1,192.168.0.2,SSDP,344,2.99140799999986,HTTP/1.1 200 OK 
1242056,2839.355847,192.168.0.1,192.168.0.2,SSDP,344,3.02261299999964,HTTP/1.1 200 OK 
1242095,2842.336446,192.168.0.1,192.168.0.2,SSDP,344,2.98059900000044,HTTP/1.1 200 OK 
1242960,2901.970173,192.168.0.1,224.0.0.1,IGMPv3,60,59.63372699999990,"Membership Query, general"
1246495,3027.235843,192.168.0.1,224.0.0.1,IGMPv3,60,125.26567000000000,"Membership Query, general"
1250366,3102.866567,192.168.0.1,192.168.0.2,TCP,66,75.63072400000010,"5000  >  4516 [SYN, ACK] Seq=0 Ack=1 Win=5840 Len=0 MSS=1460 SACK_PERM=1 WS=16"
1250370,3102.868868,192.168.0.1,192.168.0.2,TCP,60,0.00230099999999,5000  >  4516 [ACK] Seq=1 Ack=313 Win=6912 Len=0
1250371,3102.869233,192.168.0.1,192.168.0.2,TCP,60,0.00036499999987,5000  >  4516 [ACK] Seq=1 Ack=938 Win=8176 Len=0
1250388,3103.038264,192.168.0.1,192.168.0.2,IPA,722,0.16903100000036,unknown 0x54 
1250389,3103.038362,192.168.0.1,192.168.0.2,TCP,60,0.00009799999998,"5000  >  4516 [FIN, ACK] Seq=669 Ack=938 Win=8176 Len=0"
1250392,3103.0395,192.168.0.1,192.168.0.2,TCP,60,0.00113799999963,5000  >  4516 [ACK] Seq=670 Ack=939 Win=8176 Len=0
1250394,3103.050502,192.168.0.1,192.168.0.2,TCP,66,0.01100200000019,"5000  >  4517 [SYN, ACK] Seq=0 Ack=1 Win=5840 Len=0 MSS=1460 SACK_PERM=1 WS=16"
1250398,3103.05267,192.168.0.1,192.168.0.2,TCP,60,0.00216799999998,5000  >  4517 [ACK] Seq=1 Ack=313 Win=6912 Len=0
1250399,3103.053051,192.168.0.1,192.168.0.2,TCP,60,0.00038100000029,5000  >  4517 [ACK] Seq=1 Ack=938 Win=8176 Len=0
1250403,3103.234275,192.168.0.1,192.168.0.2,IPA,722,0.18122399999947,unknown 0x54 
1250404,3103.234391,192.168.0.1,192.168.0.2,TCP,60,0.00011600000016,"5000  >  4517 [FIN, ACK] Seq=669 Ack=938 Win=8176 Len=0"
1250407,3103.235534,192.168.0.1,192.168.0.2,TCP,60,0.00114299999996,5000  >  4517 [ACK] Seq=670 Ack=939 Win=8176 Len=0
1250409,3103.243512,192.168.0.1,192.168.0.2,SSDP,344,0.00797800000009,HTTP/1.1 200 OK 
1250411,3103.263313,192.168.0.1,192.168.0.2,TCP,66,0.01980099999992,"5000  >  4518 [SYN, ACK] Seq=0 Ack=1 Win=5840 Len=0 MSS=1460 SACK_PERM=1 WS=16"
1250414,3103.265649,192.168.0.1,192.168.0.2,TCP,60,0.00233600000001,5000  >  4518 [ACK] Seq=1 Ack=197 Win=6912 Len=0
1250415,3103.266918,192.168.0.1,192.168.0.2,IPA,1514,0.00126899999987,unknown 0x54 
1250416,3103.267887,192.168.0.1,192.168.0.2,IPA,1337,0.00096900000017,unknown 0x73 
1250419,3103.268081,192.168.0.1,192.168.0.2,TCP,60,0.00019399999974,"5000  >  4518 [FIN, ACK] Seq=2744 Ack=197 Win=6912 Len=0"
1250421,3103.269939,192.168.0.1,192.168.0.2,TCP,60,0.00185800000054,5000  >  4518 [ACK] Seq=2745 Ack=198 Win=6912 Len=0
1250592,3106.234034,192.168.0.1,192.168.0.2,SSDP,344,2.96409499999982,HTTP/1.1 200 OK 
1250648,3109.249168,192.168.0.1,192.168.0.2,SSDP,344,3.01513399999976,HTTP/1.1 200 OK 
1250827,3112.776285,192.168.0.1,192.168.0.2,SSDP,272,3.52711700000054,HTTP/1.1 200 OK 
1250830,3112.793813,192.168.0.1,192.168.0.2,TCP,66,0.01752799999986,"5000  >  4521 [SYN, ACK] Seq=0 Ack=1 Win=5840 Len=0 MSS=1460 SACK_PERM=1 WS=16"
1250833,3112.796062,192.168.0.1,192.168.0.2,TCP,60,0.00224899999967,5000  >  4521 [ACK] Seq=1 Ack=74 Win=5840 Len=0
1250834,3112.797839,192.168.0.1,192.168.0.2,IPA,1514,0.00177699999995,unknown 0x54 
1250835,3112.798726,192.168.0.1,192.168.0.2,IPA,1337,0.00088700000015,unknown 0x73 
1250836,3112.798727,192.168.0.1,192.168.0.2,TCP,60,0.00000099999988,"5000  >  4521 [FIN, ACK] Seq=2744 Ack=74 Win=5840 Len=0"
1250840,3112.803607,192.168.0.1,192.168.0.2,TCP,60,0.00487999999996,5000  >  4521 [ACK] Seq=2745 Ack=75 Win=5840 Len=0
1250841,3112.807405,192.168.0.1,192.168.0.2,TCP,66,0.00379800000019,"5000  >  4522 [SYN, ACK] Seq=0 Ack=1 Win=5840 Len=0 MSS=1460 SACK_PERM=1 WS=16"
1250844,3112.809484,192.168.0.1,192.168.0.2,TCP,60,0.00207899999987,5000  >  4522 [ACK] Seq=1 Ack=494 Win=6912 Len=0
1250845,3112.810282,192.168.0.1,192.168.0.2,IPA,538,0.00079800000003,unknown 0x54 
1250847,3112.810744,192.168.0.1,192.168.0.2,TCP,60,0.00046200000043,"5000  >  4522 [FIN, ACK] Seq=485 Ack=494 Win=6912 Len=0"
1250849,3112.811825,192.168.0.1,192.168.0.2,TCP,60,0.00108099999989,5000  >  4522 [ACK] Seq=486 Ack=495 Win=6912 Len=0
1252562,3153.134249,192.168.0.1,224.0.0.1,IGMPv3,60,40.32242399999950,"Membership Query, general"
1253347,3192.605249,192.168.0.1,192.168.0.2,SSDP,344,39.47100000000000,HTTP/1.1 200 OK 
1253369,3195.602445,192.168.0.1,192.168.0.2,SSDP,344,2.99719600000026,HTTP/1.1 200 OK 
1253412,3198.615131,192.168.0.1,192.168.0.2,SSDP,344,3.01268600000003,HTTP/1.1 200 OK 
1253553,3201.619348,192.168.0.1,192.168.0.2,SSDP,344,3.00421700000015,HTTP/1.1 200 OK 
1253651,3204.622494,192.168.0.1,192.168.0.2,SSDP,344,3.00314600000002,HTTP/1.1 200 OK 
1253688,3207.637673,192.168.0.1,192.168.0.2,SSDP,344,3.01517899999999,HTTP/1.1 200 OK 
1255085,3254.058936,192.168.0.1,192.168.0.2,SSDP,344,46.42126299999970,HTTP/1.1 200 OK 
1255201,3257.056461,192.168.0.1,192.168.0.2,SSDP,344,2.99752500000022,HTTP/1.1 200 OK 
1255251,3260.0627,192.168.0.1,192.168.0.2,SSDP,344,3.00623899999982,HTTP/1.1 200 OK 
1255334,3263.074061,192.168.0.1,192.168.0.2,SSDP,344,3.01136099999985,HTTP/1.1 200 OK 
1255487,3266.072266,192.168.0.1,192.168.0.2,SSDP,344,2.99820500000033,HTTP/1.1 200 OK 
1255662,3269.083048,192.168.0.1,192.168.0.2,SSDP,344,3.01078199999984,HTTP/1.1 200 OK 
1256095,3279.132947,192.168.0.1,224.0.0.1,IGMPv3,60,10.04989900000010,"Membership Query, general"
1260552,3359.073311,192.168.0.1,192.168.0.2,DHCP,320,79.94036400000000,DHCP ACK      - Transaction ID 0xbd4ae1b5
1260566,3359.395302,192.168.0.1,192.168.0.2,SSDP,344,0.32199100000025,HTTP/1.1 200 OK 
1260769,3362.09555,192.168.0.1,192.168.0.2,SSDP,344,2.70024799999965,HTTP/1.1 200 OK 
1260901,3365.110286,192.168.0.1,192.168.0.2,SSDP,344,3.01473600000008,HTTP/1.1 200 OK 
1260961,3368.130326,192.168.0.1,192.168.0.2,SSDP,344,3.02003999999988,HTTP/1.1 200 OK 
1261047,3371.130838,192.168.0.1,192.168.0.2,SSDP,344,3.00051200000053,HTTP/1.1 200 OK 
1261080,3374.131772,192.168.0.1,192.168.0.2,SSDP,344,3.00093399999923,HTTP/1.1 200 OK 
1263313,3416.547572,192.168.0.1,224.0.0.1,IGMPv3,60,42.41580000000020,"Membership Query, general"
1270379,3547.687567,192.168.0.1,224.0.0.1,IGMPv3,60,131.13999500000000,"Membership Query, general"
1278045,3620.188242,192.168.0.1,192.168.0.2,SSDP,344,72.50067499999980,HTTP/1.1 200 OK 
1278341,3623.169493,192.168.0.1,192.168.0.2,SSDP,344,2.98125099999970,HTTP/1.1 200 OK 
1278497,3626.185115,192.168.0.1,192.168.0.2,SSDP,344,3.01562199999989,HTTP/1.1 200 OK 
1278748,3629.190061,192.168.0.1,192.168.0.2,SSDP,344,3.00494600000002,HTTP/1.1 200 OK 
1279060,3632.197569,192.168.0.1,192.168.0.2,SSDP,344,3.00750800000014,HTTP/1.1 200 OK 
1279384,3635.209739,192.168.0.1,192.168.0.2,SSDP,344,3.01216999999997,HTTP/1.1 200 OK 
1281688,3679.553755,192.168.0.1,224.0.0.1,IGMPv3,60,44.34401600000000,"Membership Query, general"
1281756,3682.740767,192.168.0.1,192.168.0.2,SSDP,344,3.18701200000032,HTTP/1.1 200 OK 
1281774,3685.747226,192.168.0.1,192.168.0.2,SSDP,344,3.00645899999972,HTTP/1.1 200 OK 
1281915,3688.75821,192.168.0.1,192.168.0.2,SSDP,344,3.01098400000001,HTTP/1.1 200 OK 
1282056,3691.769659,192.168.0.1,192.168.0.2,SSDP,344,3.01144900000054,HTTP/1.1 200 OK 
1282093,3694.778146,192.168.0.1,192.168.0.2,SSDP,344,3.00848699999960,HTTP/1.1 200 OK 
1282250,3697.776955,192.168.0.1,192.168.0.2,SSDP,344,2.99880899999971,HTTP/1.1 200 OK 
1291523,3824.669601,192.168.0.1,224.0.0.1,IGMPv3,60,126.89264600000000,"Membership Query, general"
1299642,3967.255741,192.168.0.1,224.0.0.1,IGMPv3,60,142.58614000000000,"Membership Query, general"
1303627,4050.629103,192.168.0.1,192.168.0.2,SSDP,344,83.37336200000070,HTTP/1.1 200 OK 
1303853,4053.6293,192.168.0.1,192.168.0.2,SSDP,344,3.00019699999984,HTTP/1.1 200 OK 
1303953,4056.643075,192.168.0.1,192.168.0.2,SSDP,344,3.01377499999990,HTTP/1.1 200 OK 
1304026,4059.659408,192.168.0.1,192.168.0.2,SSDP,344,3.01633300000003,HTTP/1.1 200 OK 
1304171,4062.659417,192.168.0.1,192.168.0.2,SSDP,344,3.00000900000032,HTTP/1.1 200 OK 
1304425,4065.67243,192.168.0.1,192.168.0.2,SSDP,344,3.01301299999932,HTTP/1.1 200 OK 
1305434,4092.829542,192.168.0.1,224.0.0.1,IGMPv3,60,27.15711200000080,"Membership Query, general"
1306704,4111.287136,192.168.0.1,192.168.0.2,SSDP,344,18.45759399999950,HTTP/1.1 200 OK 
1306914,4114.28232,192.168.0.1,192.168.0.2,SSDP,344,2.99518400000034,HTTP/1.1 200 OK 
1307038,4117.286779,192.168.0.1,192.168.0.2,SSDP,344,3.00445899999977,HTTP/1.1 200 OK 
1307202,4120.312559,192.168.0.1,192.168.0.2,SSDP,344,3.02577999999994,HTTP/1.1 200 OK 
1307392,4123.252692,192.168.0.1,192.168.0.2,SSDP,344,2.94013300000006,HTTP/1.1 200 OK 
1307537,4126.295538,192.168.0.1,192.168.0.2,SSDP,344,3.04284600000028,HTTP/1.1 200 OK 
1311769,4237.093832,192.168.0.1,224.0.0.1,IGMPv3,60,110.79829400000000,"Membership Query, general"
1314907,4312.822909,192.168.0.1,192.168.0.2,TCP,66,75.72907700000000,"5000  >  4632 [SYN, ACK] Seq=0 Ack=1 Win=5840 Len=0 MSS=1460 SACK_PERM=1 WS=16"
1314911,4312.825297,192.168.0.1,192.168.0.2,TCP,60,0.00238799999988,5000  >  4632 [ACK] Seq=1 Ack=313 Win=6912 Len=0
1314912,4312.826145,192.168.0.1,192.168.0.2,TCP,60,0.00084799999968,5000  >  4632 [ACK] Seq=1 Ack=938 Win=8176 Len=0
1314920,4312.997845,192.168.0.1,192.168.0.2,IPA,722,0.17169999999987,unknown 0x54 
1314921,4312.997846,192.168.0.1,192.168.0.2,TCP,60,0.00000100000034,"5000  >  4632 [FIN, ACK] Seq=669 Ack=938 Win=8176 Len=0"
1314925,4313.008808,192.168.0.1,192.168.0.2,TCP,60,0.01096199999938,5000  >  4632 [ACK] Seq=670 Ack=939 Win=8176 Len=0
1314926,4313.014963,192.168.0.1,192.168.0.2,TCP,66,0.00615500000094,"5000  >  4633 [SYN, ACK] Seq=0 Ack=1 Win=5840 Len=0 MSS=1460 SACK_PERM=1 WS=16"
1314930,4313.017649,192.168.0.1,192.168.0.2,TCP,60,0.00268599999981,5000  >  4633 [ACK] Seq=1 Ack=313 Win=6912 Len=0
1314931,4313.018189,192.168.0.1,192.168.0.2,TCP,60,0.00054000000000,5000  >  4633 [ACK] Seq=1 Ack=938 Win=8176 Len=0
1314946,4313.191785,192.168.0.1,192.168.0.2,IPA,722,0.17359599999963,unknown 0x54 
1314947,4313.191786,192.168.0.1,192.168.0.2,TCP,60,0.00000100000034,"5000  >  4633 [FIN, ACK] Seq=669 Ack=938 Win=8176 Len=0"
1314953,4313.198869,192.168.0.1,192.168.0.2,TCP,60,0.00708299999951,5000  >  4633 [ACK] Seq=670 Ack=939 Win=8176 Len=0
1314954,4313.20506,192.168.0.1,192.168.0.2,SSDP,344,0.00619100000040,HTTP/1.1 200 OK 
1314955,4313.211906,192.168.0.1,192.168.0.2,TCP,66,0.00684600000022,"5000  >  4634 [SYN, ACK] Seq=0 Ack=1 Win=5840 Len=0 MSS=1460 SACK_PERM=1 WS=16"
1314958,4313.216669,192.168.0.1,192.168.0.2,TCP,60,0.00476299999900,5000  >  4634 [ACK] Seq=1 Ack=197 Win=6912 Len=0
1314959,4313.217751,192.168.0.1,192.168.0.2,IPA,1514,0.00108200000068,unknown 0x54 
1314960,4313.218135,192.168.0.1,192.168.0.2,IPA,1337,0.00038399999994,unknown 0x73 
1314961,4313.218135,192.168.0.1,192.168.0.2,TCP,60,0.00000000000000,"5000  >  4634 [FIN, ACK] Seq=2744 Ack=197 Win=6912 Len=0"
1314964,4313.220294,192.168.0.1,192.168.0.2,TCP,60,0.00215899999966,5000  >  4634 [ACK] Seq=2745 Ack=198 Win=6912 Len=0
1315100,4316.19486,192.168.0.1,192.168.0.2,SSDP,344,2.97456600000078,HTTP/1.1 200 OK 
1315214,4319.19559,192.168.0.1,192.168.0.2,SSDP,344,3.00072999999975,HTTP/1.1 200 OK 
1315321,4322.792364,192.168.0.1,192.168.0.2,SSDP,272,3.59677399999964,HTTP/1.1 200 OK 
1315323,4322.799563,192.168.0.1,192.168.0.2,TCP,66,0.00719900000058,"5000  >  4635 [SYN, ACK] Seq=0 Ack=1 Win=5840 Len=0 MSS=1460 SACK_PERM=1 WS=16"
1315326,4322.802994,192.168.0.1,192.168.0.2,TCP,60,0.00343099999918,5000  >  4635 [ACK] Seq=1 Ack=74 Win=5840 Len=0
1315327,4322.804521,192.168.0.1,192.168.0.2,IPA,1514,0.00152700000035,unknown 0x54 
1315328,4322.804521,192.168.0.1,192.168.0.2,IPA,1337,0.00000000000000,unknown 0x73 
1315331,4322.804712,192.168.0.1,192.168.0.2,TCP,60,0.00019100000009,"5000  >  4635 [FIN, ACK] Seq=2744 Ack=74 Win=5840 Len=0"
1315335,4322.81014,192.168.0.1,192.168.0.2,TCP,60,0.00542799999948,5000  >  4635 [ACK] Seq=2745 Ack=75 Win=5840 Len=0
1315337,4322.814253,192.168.0.1,192.168.0.2,TCP,66,0.00411300000087,"5000  >  4636 [SYN, ACK] Seq=0 Ack=1 Win=5840 Len=0 MSS=1460 SACK_PERM=1 WS=16"
1315342,4322.817015,192.168.0.1,192.168.0.2,TCP,60,0.00276199999917,5000  >  4636 [ACK] Seq=1 Ack=494 Win=6912 Len=0
1315346,4322.8185,192.168.0.1,192.168.0.2,IPA,538,0.00148500000068,unknown 0x54 
1315347,4322.818501,192.168.0.1,192.168.0.2,TCP,60,0.00000099999943,"5000  >  4636 [FIN, ACK] Seq=485 Ack=494 Win=6912 Len=0"
1315351,4322.820909,192.168.0.1,192.168.0.2,TCP,60,0.00240800000029,5000  >  4636 [ACK] Seq=486 Ack=495 Win=6912 Len=0
1318716,4387.089229,192.168.0.1,224.0.0.1,IGMPv3,60,64.26832000000010,"Membership Query, general"
1328486,4455.761434,192.168.0.1,192.168.0.2,SSDP,344,68.67220499999980,HTTP/1.1 200 OK 
1328863,4458.751209,192.168.0.1,192.168.0.2,SSDP,344,2.98977500000001,HTTP/1.1 200 OK 
1329208,4461.764129,192.168.0.1,192.168.0.2,SSDP,344,3.01292000000012,HTTP/1.1 200 OK 
1329399,4464.780246,192.168.0.1,192.168.0.2,SSDP,344,3.01611700000012,HTTP/1.1 200 OK 
1329586,4467.78987,192.168.0.1,192.168.0.2,SSDP,344,3.00962400000026,HTTP/1.1 200 OK 
1329939,4470.798169,192.168.0.1,192.168.0.2,SSDP,344,3.00829899999917,HTTP/1.1 200 OK 
1334315,4509.791355,192.168.0.1,192.168.0.2,ICMP,82,38.99318599999970,Destination unreachable (Port unreachable)
1334317,4509.791985,192.168.0.1,192.168.0.2,ICMP,82,0.00063000000046,Destination unreachable (Port unreachable)
1334318,4509.792317,192.168.0.1,192.168.0.2,ICMP,72,0.00033200000053,Destination unreachable (Port unreachable)
1335549,4516.015006,192.168.0.1,192.168.0.2,SSDP,344,6.22268900000017,HTTP/1.1 200 OK 
1335988,4519.008151,192.168.0.1,192.168.0.2,SSDP,344,2.99314499999946,HTTP/1.1 200 OK 
1336577,4522.022969,192.168.0.1,192.168.0.2,SSDP,344,3.01481799999965,HTTP/1.1 200 OK 
1336940,4525.035473,192.168.0.1,192.168.0.2,SSDP,344,3.01250400000026,HTTP/1.1 200 OK 
1337276,4528.046196,192.168.0.1,192.168.0.2,SSDP,344,3.01072300000033,HTTP/1.1 200 OK 
1337732,4531.045671,192.168.0.1,192.168.0.2,SSDP,344,2.99947499999962,HTTP/1.1 200 OK 
1337833,4531.554434,192.168.0.1,224.0.0.1,IGMPv3,60,0.50876300000073,"Membership Query, general"
1339065,4552.50077,192.168.0.1,239.255.255.250,SSDP,307,20.94633600000000,NOTIFY * HTTP/1.1 
1339066,4552.501864,192.168.0.1,239.255.255.250,SSDP,307,0.00109399999928,NOTIFY * HTTP/1.1 
1339067,4552.501864,192.168.0.1,239.255.255.250,SSDP,318,0.00000000000000,NOTIFY * HTTP/1.1 
1339068,4552.501864,192.168.0.1,239.255.255.250,SSDP,379,0.00000000000000,NOTIFY * HTTP/1.1 
1339069,4552.503221,192.168.0.1,239.255.255.250,SSDP,318,0.00135700000010,NOTIFY * HTTP/1.1 
1339070,4552.503222,192.168.0.1,239.255.255.250,SSDP,375,0.00000100000034,NOTIFY * HTTP/1.1 
1339071,4552.503222,192.168.0.1,239.255.255.250,SSDP,318,0.00000000000000,NOTIFY * HTTP/1.1 
1339072,4552.503223,192.168.0.1,239.255.255.250,SSDP,355,0.00000099999943,NOTIFY * HTTP/1.1 
1339073,4552.504618,192.168.0.1,239.255.255.250,SSDP,318,0.00139500000023,NOTIFY * HTTP/1.1 
1339074,4552.504619,192.168.0.1,239.255.255.250,SSDP,387,0.00000099999943,NOTIFY * HTTP/1.1 
1339075,4552.504619,192.168.0.1,239.255.255.250,SSDP,369,0.00000000000000,NOTIFY * HTTP/1.1 
1339076,4552.504621,192.168.0.1,239.255.255.250,SSDP,371,0.00000200000068,NOTIFY * HTTP/1.1 
1348642,4659.549005,192.168.0.1,224.0.0.1,IGMPv3,60,107.04438400000000,"Membership Query, general"
1364713,4803.863358,192.168.0.1,224.0.0.1,IGMPv3,60,144.31435300000000,"Membership Query, general"
1371555,4860.503476,192.168.0.1,192.168.0.2,SSDP,344,56.64011800000030,HTTP/1.1 200 OK 
1371948,4864.260521,192.168.0.1,192.168.0.2,SSDP,344,3.75704500000029,HTTP/1.1 200 OK 
1372331,4866.498346,192.168.0.1,192.168.0.2,SSDP,344,2.23782500000016,HTTP/1.1 200 OK 
1372593,4869.517016,192.168.0.1,192.168.0.2,SSDP,344,3.01866999999947,HTTP/1.1 200 OK 
1372965,4872.523592,192.168.0.1,192.168.0.2,SSDP,344,3.00657600000068,HTTP/1.1 200 OK 
1373212,4875.565519,192.168.0.1,192.168.0.2,SSDP,344,3.04192699999930,HTTP/1.1 200 OK 
1377781,4922.03308,192.168.0.1,192.168.0.2,SSDP,344,46.46756100000040,HTTP/1.1 200 OK 
1377815,4924.949963,192.168.0.1,192.168.0.2,SSDP,344,2.91688299999987,HTTP/1.1 200 OK 
1377871,4927.957206,192.168.0.1,192.168.0.2,SSDP,344,3.00724300000002,HTTP/1.1 200 OK 
1377939,4930.968914,192.168.0.1,192.168.0.2,SSDP,344,3.01170800000000,HTTP/1.1 200 OK 
1377997,4933.969023,192.168.0.1,192.168.0.2,SSDP,344,3.00010899999961,HTTP/1.1 200 OK 
1378059,4936.985537,192.168.0.1,192.168.0.2,SSDP,344,3.01651399999992,HTTP/1.1 200 OK 
1378752,4958.069154,192.168.0.1,224.0.0.1,IGMPv3,60,21.08361700000020,"Membership Query, general"
